A000020,동화약품,1
A000040,KR모터스,1
A000050,경방,1
A000060,메리츠화재,1
A000070,삼양홀딩스,1
A000075,삼양홀딩스우,1
A000080,하이트진로,1
A000087,하이트진로2우B,1
A000100,유한양행,1
A000105,유한양행우,1
A000120,CJ대한통운,1
A000140,하이트진로홀딩스,1
A000145,하이트진로홀딩스우,1
A000150,두산,1
A000155,두산우,1
A000157,두산2우B,1
A000180,성창기업지주,1
A000210,DL,1
A000215,DL우,1
A000220,유유제약,1
A000225,유유제약1우,1
A000227,유유제약2우B,1
A000230,일동홀딩스,1
A000240,한국앤컴퍼니,1
A000270,기아,1
A000300,대유플러스,1
A000320,노루홀딩스,1
A000325,노루홀딩스우,1
A000370,한화손해보험,1
A000390,삼화페인트,1
A000400,롯데손해보험,1
A000430,대원강업,1
A000480,조선내화,1
A000490,대동,1
A000500,가온전선,1
A000520,삼일제약,1
A000540,흥국화재,1
A000545,흥국화재우,1
A000547,흥국화재2우B,1
A000590,CS홀딩스,1
A000640,동아쏘시오홀딩스,1
A000650,천일고속,1
A000660,SK하이닉스,1
A000670,영풍,1
A000680,LS네트웍스,1
A000700,유수홀딩스,1
A000720,현대건설,1
A000725,현대건설우,1
A000760,이화산업,1
A000810,삼성화재,1
A000815,삼성화재우,1
A000850,화천기공,1
A000860,강남제비스코,1
A000880,한화,1
A000885,한화우,1
A00088K,한화3우B,1
A000890,보해양조,1
A000910,유니온,1
A000950,전방,1
A000970,한국주철관,1
A000990,DB하이텍,1
A000995,DB하이텍1우,1
A001020,페이퍼코리아,1
A001040,CJ,1
A001045,CJ우,1
A00104K,CJ4우(전환),1
A001060,JW중외제약,1
A001065,JW중외제약우,1
A001067,JW중외제약2우B,1
A001070,대한방직,1
A001080,만호제강,1
A001120,LX인터내셔널,1
A001130,대한제분,1
A001140,국보,1
A001200,유진투자증권,1
A001210,금호전기,1
A001230,동국제강,1
A001250,GS글로벌,1
A001260,남광토건,1
A001270,부국증권,1
A001275,부국증권우,1
A001290,상상인증권,1
A001340,백광산업,1
A001360,삼성제약,1
A001380,SG글로벌,1
A001390,KG케미칼,1
A001420,태원물산,1
A001430,세아베스틸,1
A001440,대한전선,1
A001450,현대해상,1
A001460,BYC,1
A001465,BYC우,1
A001470,삼부토건,1
A001500,현대차증권,1
A001510,SK증권,1
A001515,SK증권우,1
A001520,동양,1
A001525,동양우,1
A001527,동양2우B,1
A001529,동양3우B,1
A001530,DI동일,1
A001550,조비,1
A001560,제일연마,1
A001570,금양,1
A001620,케이비아이동국실업,1
A001630,종근당홀딩스,1
A001680,대상,1
A001685,대상우,1
A001720,신영증권,1
A001725,신영증권우,1
A001740,SK네트웍스,1
A001745,SK네트웍스우,1
A001750,한양증권,1
A001755,한양증권우,1
A001770,SHD,1
A001780,알루코,1
A001790,대한제당,1
A001795,대한제당우,1
A001800,오리온홀딩스,1
A001820,삼화콘덴서,1
A001880,DL건설,1
A001940,KISCO홀딩스,1
A002020,코오롱,1
A002025,코오롱우,1
A002030,아세아,1
A002070,비비안,1
A002100,경농,1
A002140,고려산업,1
A002150,도화엔지니어링,1
A002170,삼양통상,1
A002200,한국수출포장,1
A002210,동성제약,1
A002220,한일철강,1
A002240,고려제강,1
A002270,롯데푸드,1
A002310,아세아제지,1
A002320,한진,1
A002350,넥센타이어,1
A002355,넥센타이어1우B,1
A002360,SH에너지화학,1
A002380,KCC,1
A002390,한독,1
A002410,범양건영,1
A002420,세기상사,1
A002450,삼익악기,1
A002460,화성산업,1
A002600,조흥,1
A002620,제일파마홀딩스,1
A002630,오리엔트바이오,1
A002690,동일제강,1
A002700,신일전자,1
A002710,TCC스틸,1
A002720,국제약품,1
A002760,보락,1
A002780,진흥기업,1
A002785,진흥기업우B,1
A002787,진흥기업2우B,1
A002790,아모레G,1
A002795,아모레G우,1
A00279K,아모레G3우(전환),1
A002810,삼영무역,1
A002820,SUN&L,1
A002840,미원상사,1
A002870,신풍제지,1
A002880,대유에이텍,1
A002900,TYM,1
A002920,유성기업,1
A002960,한국쉘석유,1
A002990,금호건설,1
A002995,금호건설우,1
A003000,부광약품,1
A003010,혜인,1
A003030,세아제강지주,1
A003060,에이프로젠제약,1
A003070,코오롱글로벌,1
A003075,코오롱글로벌우,1
A003080,성보화학,1
A003090,대웅,1
A003120,일성신약,1
A003160,디아이,1
A003200,일신방직,1
A003220,대원제약,1
A003230,삼양식품,1
A003240,태광산업,1
A003280,흥아해운,1
A003300,한일홀딩스,1
A003350,한국화장품제조,1
A003410,쌍용C&E,1
A003460,유화증권,1
A003465,유화증권우,1
A003470,유안타증권,1
A003475,유안타증권우,1
A003480,한진중공업홀딩스,1
A003490,대한항공,1
A003495,대한항공우,1
A003520,영진약품,1
A003530,한화투자증권,1
A003535,한화투자증권우,1
A003540,대신증권,1
A003545,대신증권우,1
A003547,대신증권2우B,1
A003550,LG,1
A003555,LG우,1
A003560,IHQ,1
A003570,SNT중공업,1
A003580,넥스트사이언스,1
A003610,방림,1
A003620,쌍용차,1
A003650,미창석유,1
A003670,포스코케미칼,1
A003680,한성기업,1
A003690,코리안리,1
A003720,삼영화학,1
A003780,진양산업,1
A003830,대한화섬,1
A003850,보령제약,1
A003920,남양유업,1
A003925,남양유업우,1
A003960,사조대림,1
A004000,롯데정밀화학,1
A004020,현대제철,1
A004060,SG세계물산,1
A004080,신흥,1
A004090,한국석유,1
A004100,태양금속,1
A004105,태양금속우,1
A004140,동방,1
A004150,한솔홀딩스,1
A004170,신세계,1
A004250,NPC,1
A004255,NPC우,1
A004270,남성,1
A004310,현대약품,1
A004360,세방,1
A004365,세방우,1
A004370,농심,1
A004380,삼익THK,1
A004410,서울식품,1
A004415,서울식품우,1
A004430,송원산업,1
A004440,삼일씨엔에스,1
A004450,삼화왕관,1
A004490,세방전지,1
A004540,깨끗한나라,1
A004545,깨끗한나라우,1
A004560,현대비앤지스틸,1
A004565,현대비앤지스틸우,1
A004690,삼천리,1
A004700,조광피혁,1
A004710,한솔테크닉스,1
A004720,팜젠사이언스,1
A004770,써니전자,1
A004800,효성,1
A004830,덕성,1
A004835,덕성우,1
A004840,DRB동일,1
A004870,티웨이홀딩스,1
A004890,동일산업,1
A004910,조광페인트,1
A004920,씨아이테크,1
A004960,한신공영,1
A004970,신라교역,1
A004980,성신양회,1
A004985,성신양회우,1
A004990,롯데지주,1
A00499K,롯데지주우,1
A005010,휴스틸,1
A005030,부산주공,1
A005070,코스모신소재,1
A005090,SGC에너지,1
A005110,한창,1
A005180,빙그레,1
A005250,녹십자홀딩스,1
A005257,녹십자홀딩스2우,1
A005300,롯데칠성,1
A005305,롯데칠성우,1
A005320,국동,1
A005360,모나미,1
A005380,현대차,1
A005385,현대차우,1
A005387,현대차2우B,1
A005389,현대차3우B,1
A005390,신성통상,1
A005420,코스모화학,1
A005430,한국공항,1
A005440,현대그린푸드,1
A005490,POSCO,1
A005500,삼진제약,1
A005610,SPC삼립,1
A005680,삼영전자,1
A005690,파미셀,1
A005720,넥센,1
A005725,넥센우,1
A005740,크라운해태홀딩스,1
A005745,크라운해태홀딩스우,1
A005750,대림B&Co,1
A005800,신영와코루,1
A005810,풍산홀딩스,1
A005820,원림,1
A005830,DB손해보험,1
A005850,에스엘,1
A005870,휴니드,1
A005880,대한해운,1
A005930,삼성전자,1
A005935,삼성전자우,1
A005940,NH투자증권,1
A005945,NH투자증권우,1
A005950,이수화학,1
A005960,동부건설,1
A005965,동부건설우,1
A006040,동원산업,1
A006060,화승인더,1
A006090,사조오양,1
A006110,삼아알미늄,1
A006120,SK디스커버리,1
A006125,SK디스커버리우,1
A006200,한국전자홀딩스,1
A006220,제주은행,1
A006260,LS,1
A006280,녹십자,1
A006340,대원전선,1
A006345,대원전선우,1
A006360,GS건설,1
A006370,대구백화점,1
A006380,카프로,1
A006390,한일현대시멘트,1
A006400,삼성SDI,1
A006405,삼성SDI우,1
A006490,인스코비,1
A006570,대림통상,1
A006650,대한유화,1
A006660,삼성공조,1
A006740,영풍제지,1
A006800,미래에셋증권,1
A006805,미래에셋증권우,1
A00680K,미래에셋증권2우B,1
A006840,AK홀딩스,1
A006880,신송홀딩스,1
A006890,태경케미컬,1
A006980,우성사료,1
A007070,GS리테일,1
A007110,일신석재,1
A007120,미래아이앤지,1
A007160,사조산업,1
A007210,벽산,1
A007280,한국특강,1
A007310,오뚜기,1
A007340,디티알오토모티브,1
A007460,에이프로젠 MED,1
A007540,샘표,1
A007570,일양약품,1
A007575,일양약품우,1
A007590,동방아그로,1
A007610,선도전기,1
A007630,폴루스바이오팜,1
A007660,이수페타시스,1
A007690,국도화학,1
A007700,F&F홀딩스,1
A007810,코리아써키트,1
A007815,코리아써우,1
A00781K,코리아써키트2우B,1
A007860,서연,1
A007980,태평양물산,1
A008040,사조동아원,1
A008060,대덕,1
A00806K,대덕1우,1
A008110,대동전자,1
A008250,이건산업,1
A008260,NI스틸,1
A008350,남선알미늄,1
A008355,남선알미우,1
A008420,문배철강,1
A008490,서흥,1
A008500,일정실업,1
A008560,메리츠증권,1
A008600,윌비스,1
A008700,아남전자,1
A008730,율촌화학,1
A008770,호텔신라,1
A008775,호텔신라우,1
A008870,금비,1
A008930,한미사이언스,1
A008970,동양철관,1
A009070,KCTC,1
A009140,경인전자,1
A009150,삼성전기,1
A009155,삼성전기우,1
A009160,SIMPAC,1
A009180,한솔로지스틱스,1
A009190,대양금속,1
A009200,무림페이퍼,1
A009240,한샘,1
A009270,신원,1
A009275,신원우,1
A009290,광동제약,1
A009310,참엔지니어링,1
A009320,대우부품,1
A009410,태영건설,1
A009415,태영건설우,1
A009420,한올바이오파마,1
A009440,KC그린홀딩스,1
A009450,경동나비엔,1
A009460,한창제지,1
A009470,삼화전기,1
A009540,한국조선해양,1
A009580,무림P&P,1
A009680,모토닉,1
A009770,삼정펄프,1
A009810,엔케이물산,1
A009830,한화솔루션,1
A009835,한화솔루션우,1
A009900,명신산업,1
A009970,영원무역홀딩스,1
A010040,한국내화,1
A010050,우리종금,1
A010060,OCI,1
A010100,한국프랜지,1
A010120,LS ELECTRIC,1
A010130,고려아연,1
A010140,삼성중공업,1
A010145,삼성중공우,1
A010400,우진아이엔에스,1
A010420,한솔PNS,1
A010580,지코,1
A010600,웰바이오텍,1
A010620,현대미포조선,1
A010640,진양폴리,1
A010660,화천기계,1
A010690,화신,1
A010770,평화홀딩스,1
A010780,아이에스동서,1
A010820,퍼스텍,1
A010950,S-Oil,1
A010955,S-Oil우,1
A010960,삼호개발,1
A011000,진원생명과학,1
A011070,LG이노텍,1
A011090,에넥스,1
A011150,CJ씨푸드,1
A011155,CJ씨푸드1우,1
A011170,롯데케미칼,1
A011200,HMM,1
A011210,현대위아,1
A011230,삼화전자,1
A011280,태림포장,1
A011300,성안,1
A011330,유니켐,1
A011390,부산산업,1
A011420,갤럭시아에스엠,1
A011500,한농화성,1
A011690,와이투솔루션,1
A011700,한신기계,1
A011760,현대코퍼레이션,1
A011780,금호석유,1
A011785,금호석유우,1
A011790,SKC,1
A011810,STX,1
A011930,신성이엔지,1
A012030,DB,1
A012160,영흥,1
A012170,아센디오,1
A012200,계양전기,1
A012205,계양전기우,1
A012280,영화금속,1
A012320,경동인베스트,1
A012330,현대모비스,1
A012450,한화에어로스페이스,1
A012510,더존비즈온,1
A012600,센트럴인사이트,1
A012610,경인양행,1
A012630,HDC,1
A012690,모나리자,1
A012750,에스원,1
A012800,대창,1
A013000,세우글로벌,1
A013360,일성건설,1
A013520,화승코퍼레이션,1
A013570,디와이,1
A013580,계룡건설,1
A013700,까뮤이앤씨,1
A013870,지엠비코리아,1
A013890,지누스,1
A014130,한익스프레스,1
A014160,대영포장,1
A014280,금강공업,1
A014285,금강공업우,1
A014440,영보화학,1
A014530,극동유화,1
A014580,태경비케이,1
A014680,한솔케미칼,1
A014710,사조씨푸드,1
A014790,한라,1
A014820,동원시스템즈,1
A014825,동원시스템즈우,1
A014830,유니드,1
A014910,성문전자,1
A014915,성문전자우,1
A014990,인디에프,1
A015020,이스타코,1
A015230,대창단조,1
A015260,에이엔피,1
A015350,부산가스,1
A015360,예스코홀딩스,1
A015540,쎌마테라퓨틱스,1
A015590,큐로,1
A015760,한국전력,1
A015860,일진홀딩스,1
A015890,태경산업,1
A016090,대현,1
A016360,삼성증권,1
A016380,KG동부제철,1
A016385,KG동부제철우,1
A016450,한세예스24홀딩스,1
A016580,환인제약,1
A016590,신대양제지,1
A016610,DB금융투자,1
A016710,대성홀딩스,1
A016740,두올,1
A016800,퍼시스,1
A016880,웅진,1
A017040,광명전기,1
A017180,명문제약,1
A017370,우신시스템,1
A017390,서울가스,1
A017550,수산중공업,1
A017670,SK텔레콤,1
A017800,현대엘리베이,1
A017810,풀무원,1
A017900,광전자,1
A017940,E1,1
A017960,한국카본,1
A018250,애경산업,1
A018260,삼성에스디에스,1
A018470,조일알미늄,1
A018500,동원금속,1
A018670,SK가스,1
A018880,한온시스템,1
A019170,신풍제약,1
A019175,신풍제약우,1
A019180,티에이치엔,1
A019440,세아특수강,1
A019490,하이트론,1
A019680,대교,1
A019685,대교우B,1
A020000,한섬,1
A020120,키다리스튜디오,1
A020150,일진머티리얼즈,1
A020560,아시아나항공,1
A020760,일진디스플,1
A021050,서원,1
A021240,코웨이,1
A021820,세원정공,1
A023000,삼원강재,1
A023150,MH에탄올,1
A023350,한국종합기술,1
A023450,동남합성,1
A023530,롯데쇼핑,1
A023590,다우기술,1
A023800,인지컨트롤스,1
A023810,인팩,1
A023960,에쓰씨엔지니어링,1
A024070,WISCOM,1
A024090,디씨엠,1
A024110,기업은행,1
A024720,한국콜마홀딩스,1
A024890,대원화성,1
A024900,덕양산업,1
A025000,KPX케미칼,1
A025530,SJM홀딩스,1
A025540,한국단자,1
A025560,미래산업,1
A025620,제이준코스메틱,1
A025750,한솔홈데코,1
A025820,이구산업,1
A025860,남해화학,1
A025890,한국주강,1
A026890,디피씨,1
A026940,부국철강,1
A026960,동서,1
A027410,BGF,1
A027740,마니커,1
A027970,세하,1
A028050,삼성엔지니어링,1
A028100,동아지질,1
A028260,삼성물산,1
A02826K,삼성물산우B,1
A028670,팬오션,1
A029460,케이씨,1
A029530,신도리코,1
A029780,삼성카드,1
A030000,제일기획,1
A030200,KT,1
A030210,KTB투자증권,1
A030610,교보증권,1
A030720,동원수산,1
A030790,비케이탑스,1
A031430,신세계인터내셔날,1
A031440,신세계푸드,1
A031820,콤텍시스템,1
A032350,롯데관광개발,1
A032560,황금에스티,1
A032640,LG유플러스,1
A032830,삼성생명,1
A033180,KH 필룩스,1
A033240,자화전자,1
A033250,체시스,1
A033270,유나이티드제약,1
A033530,세종공업,1
A033780,KT&G,1
A033920,무학,1
A034020,두산중공업,1
A034120,SBS,1
A034220,LG디스플레이,1
A034300,신세계건설,1
A034310,NICE,1
A034590,인천도시가스,1
A034730,SK,1
A03473K,SK우,1
A034830,한국토지신탁,1
A035000,지투알,1
A035150,백산,1
A035250,강원랜드,1
A035420,NAVER,1
A035510,신세계 I&C,1
A035720,카카오,1
A036420,제이콘텐트리,1
A036460,한국가스공사,1
A036530,SNT홀딩스,1
A036570,엔씨소프트,1
A036580,팜스코,1
A037270,YG PLUS,1
A037560,LG헬로비전,1
A037710,광주신세계,1
A039130,하나투어,1
A039490,키움증권,1
A039570,HDC아이콘트롤스,1
A041650,상신브레이크,1
A042660,대우조선해양,1
A042670,두산인프라코어,1
A042700,한미반도체,1
A044380,주연테크,1
A044450,KSS해운,1
A044820,코스맥스비티아이,1
A047040,대우건설,1
A047050,포스코인터내셔널,1
A047400,유니온머티리얼,1
A047810,한국항공우주,1
A049770,동원F&B,1
A049800,우진플라임,1
A051600,한전KPS,1
A051630,진양화학,1
A051900,LG생활건강,1
A051905,LG생활건강우,1
A051910,LG화학,1
A051915,LG화학우,1
A052690,한전기술,1
A053210,스카이라이프,1
A053690,한미글로벌,1
A055490,테이팩스,1
A055550,신한지주,1
A057050,현대홈쇼핑,1
A058430,포스코강판,1
A058650,세아홀딩스,1
A058730,다스코,1
A058850,KTcs,1
A058860,KTis,1
A060980,한라홀딩스,1
A063160,종근당바이오,1
A064350,현대로템,1
A064960,SNT모티브,1
A066570,LG전자,1
A066575,LG전자우,1
A067830,세이브존I&C,1
A068270,셀트리온,1
A068290,삼성출판사,1
A068400,SK렌터카,1
A069260,휴켐스,1
A069460,대호에이엘,1
A069500,KODEX 200,10
A069620,대웅제약,1
A069640,한세엠케이,1
A069660,KOSEF 200,10
A069730,DSR제강,1
A069960,현대백화점,1
A070960,용평리조트,1
A071050,한국금융지주,1
A071055,한국금융지주우,1
A071090,하이스틸,1
A071320,지역난방공사,1
A071840,롯데하이마트,1
A071950,코아스,1
A071970,STX중공업,1
A072130,유엔젤,1
A072710,농심홀딩스,1
A073240,금호타이어,1
A074610,이엔플러스,1
A075180,새론오토모티브,1
A075580,세진중공업,1
A077500,유니퀘스트,1
A077970,STX엔진,1
A078000,텔코웨어,1
A078520,에이블씨엔씨,1
A078930,GS,1
A078935,GS우,1
A079160,CJ CGV,1
A079430,현대리바트,1
A079550,LIG넥스원,1
A079980,휴비스,1
A081000,일진다이아,1
A081660,휠라홀딩스,1
A082640,동양생명,1
A082740,HSD엔진,1
A083420,그린케미칼,1
A084010,대한제강,1
A084670,동양고속,1
A084680,이월드,1
A084690,대상홀딩스,1
A084695,대상홀딩스우,1
A084870,TBH글로벌,1
A085310,엔케이,1
A085620,미래에셋생명,1
A086280,현대글로비스,1
A086790,하나금융지주,1
A088260,이리츠코크렙,3
A088350,한화생명,1
A088790,진도,1
A088980,맥쿼리인프라,5
A089470,HDC현대EP,1
A089590,제주항공,1
A089860,롯데렌탈,1
A090080,평화산업,1
A090350,노루페인트,1
A090355,노루페인트우,1
A090370,메타랩스,1
A090430,아모레퍼시픽,1
A090435,아모레퍼시픽우,1
A091090,세원이앤씨,1
A091160,KODEX 반도체,10
A091170,KODEX 은행,10
A091180,KODEX 자동차,10
A091220,TIGER 은행,10
A091230,TIGER 반도체,10
A091810,티웨이항공,1
A092200,디아이씨,1
A092220,KEC,1
A092230,KPX홀딩스,1
A092440,기신정기,1
A092780,동양피스톤,1
A093050,LF,1
A093230,이아이디,1
A093240,형지엘리트,1
A093370,후성,1
A094280,효성ITX,1
A094800,맵스리얼티1,2
A095570,AJ네트웍스,1
A095720,웅진씽크빅,1
A096300,베트남개발1,2
A096760,JW홀딩스,1
A096770,SK이노베이션,1
A096775,SK이노베이션우,1
A097230,한진중공업,1
A097520,엠씨넥스,1
A097950,CJ제일제당,1
A097955,CJ제일제당 우,1
A098560,TIGER 방송통신,10
A099140,KODEX 차이나H,10
A100220,비상교육,1
A100250,진양홀딩스,1
A100840,SNT에너지,1
A100910,KOSEF KRX100,10
A101060,SBS미디어홀딩스,1
A101140,인바이오젠,1
A101280,KODEX 일본TOPIX100,10
A101530,해태제과식품,1
A102110,TIGER 200,10
A102260,동성케미컬,1
A102280,쌍방울,1
A102460,이연제약,1
A102780,KODEX 삼성그룹,10
A102960,KODEX 기계장비,10
A102970,KODEX 증권,10
A103140,풍산,1
A103590,일진전기,1
A104520,KOSEF 블루칩,10
A104530,KOSEF 고배당,10
A104700,한국철강,1
A105010,TIGER 라틴35,10
A105190,KINDEX 200,10
A105560,KB금융,1
A105630,한세실업,1
A105780,KBSTAR 5대그룹주,10
A105840,우진,1
A107590,미원홀딩스,1
A108450,KINDEX 삼성그룹섹터가중,10
A108590,TREX 200,10
A108670,LX하우시스,1
A108675,LX하우시스우,1
A109070,컨버즈,1
A111110,호전실업,1
A111770,영원무역,1
A112610,씨에스윈드,1
A114090,GKL,1
A114100,KBSTAR 국고채3년,10
A114260,KODEX 국고채3년,10
A114460,KINDEX 국고채3년,10
A114470,KOSEF 국고채3년,10
A114800,KODEX 인버스,10
A114820,TIGER 국채3년,10
A115390,락앤락,1
A117460,KODEX 에너지화학,10
A117580,대성에너지,1
A117680,KODEX 철강,10
A117690,TIGER 차이나항셍25,10
A117700,KODEX 건설,10
A118000,우리들휴브레인,1
A119650,KC코트렐,1
A120030,조선선재,1
A120110,코오롱인더,1
A120115,코오롱인더우,1
A122090,ARIRANG 코스피50,10
A122260,KOSEF 통안채1년,10
A122630,KODEX 레버리지,10
A122900,아이마켓코리아,1
A123310,TIGER 인버스,10
A123320,TIGER 레버리지,10
A123690,한국화장품,1
A123700,SJM,1
A123890,한국자산신탁,1
A126560,현대퓨처넷,1
A128820,대성산업,1
A128940,한미약품,1
A129260,인터지스,1
A130660,한전산업,1
A130680,TIGER 원유선물Enhanced(H),10
A130730,KOSEF 단기자금,10
A131890,KINDEX 삼성그룹동일가중,10
A132030,KODEX 골드선물(H),10
A133690,TIGER 미국나스닥100,10
A133820,화인베스틸,1
A134380,미원화학,1
A134790,시디즈,1
A136340,KBSTAR 중기우량회사채,10
A136490,선진,1
A137310,에스디바이오센서,1
A137610,TIGER 농산물선물Enhanced(H),10
A137930,마이다스 200커버드콜5%OTM,10
A138040,메리츠금융지주,1
A138230,KOSEF 미국달러선물,10
A138250,엔에스쇼핑,1
A138490,코오롱플라스틱,1
A138520,TIGER 삼성그룹펀더멘털,10
A138530,TIGER LG그룹+펀더멘털,10
A138540,TIGER 현대차그룹+펀더멘털,10
A138910,KODEX 구리선물(H),10
A138920,KODEX 콩선물(H),10
A138930,BNK금융지주,1
A139130,DGB금융지주,1
A139220,TIGER 200 건설,10
A139230,TIGER 200 중공업,10
A139240,TIGER 200 철강소재,10
A139250,TIGER 200 에너지화학,10
A139260,TIGER 200 IT,10
A139270,TIGER 200 금융,10
A139280,TIGER 경기방어,10
A139290,TIGER 200 경기소비재,10
A139310,TIGER 금속선물(H),10
A139320,TIGER 금은선물(H),10
A139480,이마트,1
A139660,KOSEF 미국달러선물인버스,10
A139990,아주스틸,1
A140570,KBSTAR 수출주,10
A140580,KBSTAR 우량업종,10
A140700,KODEX 보험,10
A140710,KODEX 운송,10
A140910,에이리츠,3
A140950,파워 코스피100,10
A143210,핸즈코퍼레이션,1
A143460,KINDEX 밸류대형,10
A143850,TIGER 미국S&P500선물(H),10
A143860,TIGER 헬스케어,10
A144600,KODEX 은선물(H),10
A144620,코오롱머티리얼,1
A145210,다이나믹디자인,1
A145270,케이탑리츠,3
A145670,KINDEX 인버스,10
A145720,덴티움,1
A145850,TREX 펀더멘탈 200,10
A145990,삼양사,1
A145995,삼양사우,1
A147970,TIGER 모멘텀,10
A148020,KBSTAR 200,10
A148070,KOSEF 국고채10년,10
A150460,TIGER 중국소비테마,10
A152100,ARIRANG 200,10
A152380,KODEX 국채선물10년,10
A152500,KINDEX 레버리지,10
A152550,한국ANKOR유전,2
A152870,파워 200,10
A153130,KODEX 단기채권,10
A153270,KOSEF 코스피100,10
A153360,하이골드3호,4
A155660,DSR,1
A155900,바다로19호,4
A156080,KODEX MSCI Korea,10
A157450,TIGER 단기통안채,10
A157490,TIGER 소프트웨어,10
A157500,TIGER 증권,10
A159800,마이티 코스피100,10
A160580,TIGER 구리실물,10
A161000,애경유화,1
A161390,한국타이어앤테크놀로지,1
A161510,ARIRANG 고배당주,10
A161890,한국콜마,1
A163560,동일고무벨트,1
A166400,TIGER 200커버드콜5%OTM,10
A167860,KOSEF 국고채10년레버리지,10
A168300,KTOP 코스피50,10
A168490,한국패러랠,2
A168580,KINDEX 중국본토CSI300,10
A169950,KODEX 차이나A50,10
A170900,동아에스티,1
A172580,하이골드12호,4
A174350,TIGER 로우볼,10
A174360,KBSTAR 중국본토대형주CSI100,10
A175330,JB금융지주,1
A176710,파워 중기국고채,10
A176950,KODEX 국채선물10년인버스,10
A178920,PI첨단소재,1
A180640,한진칼,1
A18064K,한진칼우,1
A181480,KINDEX 미국다우존스리츠(합성 H),10
A181710,NHN,1
A182480,TIGER 미국MSCI리츠(합성 H),10
A182490,TIGER 단기선진하이일드(합성 H),10
A183190,아세아시멘트,1
A183700,KBSTAR 채권혼합,10
A183710,KBSTAR 주식혼합,10
A185680,KODEX 미국S&P바이오(합성),10
A185750,종근당,1
A189400,ARIRANG 글로벌MSCI(합성 H),10
A190620,KINDEX 단기통안채,10
A192080,더블유게임즈,1
A192090,TIGER 차이나CSI300,10
A192400,쿠쿠홀딩스,1
A192650,드림텍,1
A192720,파워 고배당저변동성,10
A192820,코스맥스,1
A194370,제이에스코퍼레이션,1
A195870,해성디에스,1
A195920,TIGER 일본TOPIX(합성 H),10
A195930,TIGER 유로스탁스50(합성 H),10
A195970,ARIRANG 선진국MSCI(합성 H),10
A195980,ARIRANG 신흥국MSCI(합성 H),10
A196030,KINDEX 일본TOPIX레버리지(H),10
A196230,KBSTAR 단기통안채,10
A200030,KODEX 미국S&P산업재(합성),10
A200250,KOSEF 인도Nifty50(합성),10
A200880,서연이화,1
A203780,TIGER 미국나스닥바이오,10
A204210,모두투어리츠,3
A204320,만도,1
A204450,KODEX 차이나H레버리지(H),10
A204480,TIGER 차이나CSI300레버리지(합성),10
A205720,KINDEX 일본TOPIX인버스(합성 H),10
A207940,삼성바이오로직스,1
A208470,SOL 선진국MSCI World(합성 H),10
A210540,디와이파워,1
A210780,TIGER 코스피고배당,10
A210980,SK디앤디,1
A211260,KINDEX 배당성장,10
A211560,TIGER 배당성장,10
A211900,KODEX 배당성장,10
A213500,한솔제지,1
A213610,KODEX 삼성그룹밸류,10
A213630,ARIRANG 미국다우존스고배당주(합성 H),10
A214320,이노션,1
A214330,금호에이치티,1
A214390,경보제약,1
A214420,토니모리,1
A214980,KODEX 단기채권PLUS,10
A215620,HK S&P코리아로우볼,10
A217770,TIGER 원유선물인버스(H),10
A217780,TIGER 차이나CSI300인버스(합성),10
A217790,TIGER 가격조정,10
A218420,KODEX 미국S&P에너지(합성),10
A219390,KBSTAR 미국S&P원유생산기업(합성 H),10
A219480,KODEX 미국S&P500선물(H),10
A219900,KINDEX 중국본토CSI300레버리지(합성),10
A220130,SOL 중국본토 중소형 CSI500(합성 H),10
A223190,KODEX 200가치저변동,10
A225030,TIGER 미국S&P500선물인버스(H),10
A225040,TIGER 미국S&P500레버리지(합성 H),10
A225050,TIGER 유로스탁스레버리지(합성 H),10
A225060,TIGER 이머징마켓MSCI레버리지(합성 H),10
A225130,KINDEX 골드선물 레버리지(합성 H),10
A225800,KOSEF 미국달러선물레버리지,10
A226320,잇츠한불,1
A226380,KINDEX Fn성장소비주도주,10
A226490,KODEX 코스피,10
A226980,KODEX 200 중소형,10
A227540,TIGER 200 헬스케어,10
A227550,TIGER 200 산업재,10
A227560,TIGER 200 생활소비재,10
A227570,TIGER 우량가치,10
A227830,ARIRANG 코스피,10
A227840,현대코퍼레이션홀딩스,1
A228790,TIGER 화장품,10
A228800,TIGER 여행레저,10
A228810,TIGER 미디어컨텐츠,10
A228820,TIGER KTOP30,10
A229200,KODEX 코스닥 150,10
A229640,LS전선아시아,1
A229720,KODEX KTOP30,10
A230480,KOSEF 미국달러선물인버스2X,10
A232080,TIGER 코스닥150,10
A233160,TIGER 코스닥150 레버리지,10
A233740,KODEX 코스닥150 레버리지,10
A234080,JW생명과학,1
A234310,KBSTAR V&S셀렉트밸류,10
A236350,TIGER 인도니프티50레버리지(합성),10
A237350,KODEX 코스피100,10
A237370,KODEX 배당성장채권혼합,10
A237440,TIGER 경기방어채권혼합,10
A238670,ARIRANG 스마트베타Quality채권혼합,10
A238720,KINDEX 일본Nikkei225(H),10
A239660,ARIRANG 우량회사채50 1년,10
A241180,TIGER 일본니케이225,10
A241390,KBSTAR V&S셀렉트밸류채권혼합,10
A241560,두산밥캣,1
A241590,화승엔터프라이즈,1
A243880,TIGER 200IT레버리지,10
A243890,TIGER 200에너지화학레버리지,10
A244580,KODEX 바이오,10
A244620,KODEX 모멘텀Plus,10
A244660,KODEX 퀄리티Plus,10
A244670,KODEX 밸류Plus,10
A244920,에이플러스에셋,1
A245340,TIGER 미국다우존스30,10
A245350,TIGER 유로스탁스배당30,10
A245360,TIGER 차이나HSCEI,10
A245710,KINDEX 베트남VN30(합성),10
A248070,솔루엠,1
A248170,샘표식품,1
A248260,TIGER 일본TOPIX헬스케어(합성),10
A248270,TIGER S&P글로벌헬스케어(합성),10
A249420,일동제약,1
A250730,KBSTAR 차이나HSCEI(H),10
A250780,TIGER 코스닥150선물인버스,10
A251270,넷마블,1
A251340,KODEX 코스닥150선물인버스,10
A251350,KODEX 선진국MSCI World,10
A251590,ARIRANG 고배당저변동50,10
A251600,ARIRANG 고배당주채권혼합,10
A251890,KINDEX 코스닥(합성),10
A252000,TIGER 200동일가중,10
A252400,KBSTAR 200선물레버리지,10
A252410,KBSTAR 200선물인버스,10
A252420,KBSTAR 200선물인버스2X,10
A252650,KODEX 200동일가중,10
A252670,KODEX 200선물인버스2X,10
A252710,TIGER 200선물인버스2X,10
A252720,KBSTAR 모멘텀밸류,10
A252730,KBSTAR 모멘텀로우볼,10
A253150,ARIRANG 200선물레버리지,10
A253160,ARIRANG 200선물인버스2X,10
A253230,KOSEF 200선물인버스2X,10
A253240,KOSEF 200선물인버스,10
A253250,KOSEF 200선물레버리지,10
A253280,KBSTAR 헬스케어,10
A253290,KBSTAR 헬스케어채권혼합,10
A256440,KINDEX 인도네시아MSCI(합성),10
A256450,ARIRANG 심천차이넥스트(합성),10
A256750,KODEX 차이나심천ChiNext(합성),10
A259960,크래프톤,1
A261060,TIGER 코스닥150IT,10
A261070,TIGER 코스닥150바이오테크,10
A261110,TIGER 미국달러선물레버리지,10
A261120,TIGER 미국달러선물인버스2X,10
A261140,TIGER 우선주,10
A261220,KODEX WTI원유선물(H),10
A261240,KODEX 미국달러선물,10
A261250,KODEX 미국달러선물레버리지,10
A261260,KODEX 미국달러선물인버스2X,10
A261270,KODEX 미국달러선물인버스,10
A261920,KINDEX 필리핀MSCI(합성),10
A264900,크라운제과,1
A26490K,크라운제과우,1
A265690,KINDEX 러시아MSCI(합성),10
A266160,KBSTAR 고배당,10
A266360,KODEX 미디어&엔터테인먼트,10
A266370,KODEX IT,10
A266390,KODEX 경기소비재,10
A266410,KODEX 필수소비재,10
A266420,KODEX 헬스케어,10
A266550,ARIRANG 중형주저변동50,10
A267250,현대중공업지주,1
A267260,현대일렉트릭,1
A267270,현대건설기계,1
A267290,경동도시가스,1
A267440,KBSTAR 미국장기국채선물(H),10
A267450,KBSTAR 미국장기국채선물인버스(H),10
A267490,KBSTAR 미국장기국채선물레버리지(합성 H),10
A267500,KBSTAR 미국장기국채선물인버스2X(합성 H),10
A267770,TIGER 200선물레버리지,10
A267850,아시아나IDT,1
A268280,미원에스씨,1
A269370,TIGER S&P글로벌인프라(합성),10
A269420,KODEX S&P글로벌인프라(합성),10
A269530,ARIRANG S&P글로벌인프라,10
A269540,ARIRANG 미국S&P500(H),10
A270800,KBSTAR KQ고배당,10
A270810,KBSTAR 코스닥150,10
A271050,KODEX WTI원유선물인버스(H),10
A271060,KODEX 3대농산물선물(H),10
A271560,오리온,1
A271940,일진하이솔루스,1
A271980,제일약품,1
A272210,한화시스템,1
A272220,KINDEX 스마트모멘텀,10
A272230,KINDEX 스마트밸류,10
A272450,진에어,1
A272550,삼양패키징,1
A272560,KBSTAR 단기국공채액티브,10
A272570,KBSTAR 중장기국공채액티브,10
A272580,TIGER 단기채권액티브,10
A272910,KINDEX 중장기국공채액티브,10
A273130,KODEX 종합채권(AA-이상)액티브,10
A273140,KODEX 단기변동금리부채권액티브,10
A275280,KODEX MSCI모멘텀,10
A275290,KODEX MSCI밸류,10
A275300,KODEX MSCI퀄리티,10
A275750,KBSTAR 코스닥150선물인버스,10
A275980,TIGER 글로벌4차산업혁신기술(합성 H),10
A276000,TIGER 글로벌자원생산기업(합성 H),10
A276650,KBSTAR 글로벌4차산업IT(합성 H),10
A276970,KODEX 미국S&P고배당커버드콜(합성 H),10
A276990,KODEX 글로벌4차산업로보틱스(합성),10
A277540,KINDEX S&P아시아TOP50,10
A277630,TIGER 코스피,10
A277640,TIGER 코스피대형주,10
A277650,TIGER 코스피중형주,10
A278240,KBSTAR 코스닥150선물레버리지,10
A278420,ARIRANG ESG우수기업,10
A278530,KODEX 200TR,10
A278540,KODEX MSCI Korea TR,10
A278620,ARIRANG 단기채권액티브,10
A279530,KODEX 고배당,10
A279540,KODEX 최소변동성,10
A280320,KINDEX 미국IT인터넷S&P(합성 H),10
A280360,롯데제과,1
A280920,ARIRANG 주도업종,10
A280930,KODEX 미국러셀2000(H),10
A280940,KODEX 골드선물인버스(H),10
A281820,케이씨텍,1
A281990,KBSTAR 중소형고배당,10
A282000,KBSTAR 국고채3년선물인버스,10
A282330,BGF리테일,1
A282690,동아타이어,1
A283580,KODEX 차이나CSI300,10
A284430,KODEX 200미국채혼합,10
A284740,쿠쿠홈시스,1
A284980,KBSTAR 200금융,10
A284990,KBSTAR 200에너지화학,10
A285000,KBSTAR 200IT,10
A285010,KBSTAR 200중공업,10
A285020,KBSTAR 200철강소재,10
A285130,SK케미칼,1
A28513K,SK케미칼우,1
A285690,FOCUS ESG리더스,10
A286940,롯데정보통신,1
A287180,ARIRANG 미국나스닥기술주,10
A287300,KBSTAR 200건설,10
A287310,KBSTAR 200경기소비재,10
A287320,KBSTAR 200산업재,10
A287330,KBSTAR 200생활소비재,10
A289040,KODEX MSCI KOREA ESG유니버설,10
A289250,TIGER MSCI KOREA ESG유니버설,10
A289260,TIGER MSCI KOREA ESG리더스,10
A289480,TIGER 200커버드콜ATM,10
A289670,ARIRANG 국채선물10년,10
A290080,KBSTAR 200고배당커버드콜ATM,10
A290130,KBSTAR ESG사회책임투자,10
A291130,KINDEX 멕시코MSCI(합성),10
A291620,KOSEF 코스닥150선물인버스,10
A291630,KOSEF 코스닥150선물레버리지,10
A291680,KBSTAR 차이나H선물인버스(H),10
A291890,KODEX MSCI EM선물(H),10
A292050,KBSTAR KRX300,10
A292150,TIGER TOP10,10
A292160,TIGER KRX300,10
A292190,KODEX KRX300,10
A292340,마이티 200커버드콜ATM레버리지,10
A292500,SOL KRX300,10
A292560,TIGER 일본엔선물,10
A292730,FOCUS KRX300,10
A292750,ARIRANG KRX300,10
A292770,KODEX 국채선물3년인버스,10
A293180,HANARO 200,10
A293480,하나제약,1
A293940,신한알파리츠,3
A294400,KOSEF 200TR,10
A294870,HDC현대산업개발,1
A295000,KBSTAR 국채선물10년,10
A295020,KBSTAR 국채선물10년인버스,10
A295040,SOL 200TR,10
A295820,ARIRANG 200동일가중,10
A298000,효성화학,1
A298020,효성티앤씨,1
A298040,효성중공업,1
A298050,효성첨단소재,1
A298340,ARIRANG 국채선물3년,10
A298690,에어부산,1
A298770,KODEX 한국대만IT프리미어,10
A299070,KINDEX 국채선물10년인버스,10
A299080,KINDEX 국채선물3년인버스,10
A300610,TIGER K게임,10
A300640,KBSTAR 게임테마,10
A300720,한일시멘트,1
A300950,KODEX 게임산업,10
A301400,ARIRANG 코스닥150,10
A301410,ARIRANG 코스닥150선물인버스,10
A301440,ARIRANG 코스피중형주,10
A302170,TIGER 국채선물3년인버스,10
A302180,TIGER 국채선물10년인버스,10
A302190,TIGER 중장기국채,10
A302440,SK바이오사이언스,1
A302450,KBSTAR 코스피,10
A304660,KODEX 미국채울트라30년선물(H),10
A304670,KODEX 미국채울트라30년선물인버스(H),10
A304760,HANARO KRX300,10
A304770,HANARO 코스닥150,10
A304780,HANARO 200선물레버리지,10
A304940,KODEX 미국나스닥100선물(H),10
A305050,KINDEX 코스피,10
A305080,TIGER 미국채10년선물,10
A305540,TIGER 2차전지테마,10
A305720,KODEX 2차전지산업,10
A306200,세아제강,1
A306520,HANARO 200선물인버스,10
A306530,HANARO 코스닥150선물레버리지,10
A306950,KODEX KRX300레버리지,10
A307010,KBSTAR KRX300레버리지,10
A307510,TIGER 의료기기,10
A307520,TIGER 지주회사,10
A307950,현대오토에버,1
A308170,센트랄모텍,1
A308620,KODEX 미국채10년선물,10
A309210,ARIRANG KRX300헬스케어,10
A309230,KINDEX 미국WideMoat가치주,10
A310080,KBSTAR 중국MSCI China(H),10
A310960,TIGER 200TR,10
A310970,TIGER MSCI Korea TR,10
A314250,KODEX 미국FANG플러스(H),10
A314700,HANARO 농업융복합산업,10
A315270,TIGER 200커뮤니케이션서비스,10
A315480,KBSTAR 200커뮤니케이션서비스,10
A315930,KODEX Top5PlusTR,10
A315960,KBSTAR 대형고배당10TR,10
A316140,우리금융지주,1
A316300,KINDEX 싱가포르리츠,10
A316670,KOSEF 코스닥150,10
A317400,자이에스앤디,1
A319640,TIGER 골드선물(H),10
A319870,KBSTAR KRX300미국달러선물혼합,10
A321410,KODEX 멀티에셋하이인컴(H),10
A322000,현대에너지솔루션,1
A322120,KINDEX 스마트퀄리티,10
A322130,KINDEX 스마트로우볼,10
A322150,KINDEX 스마트하이베타,10
A322400,HANARO e커머스,10
A322410,HANARO 고배당,10
A323410,카카오뱅크,1
A325010,KODEX Fn성장,10
A325020,KODEX 배당가치,10
A326030,SK바이오팜,1
A326230,KBSTAR 내수주플러스,10
A326240,KBSTAR IT플러스,10
A328370,ARIRANG 코스피TR,10
A329200,TIGER 부동산인프라고배당,10
A329650,KODEX TRF3070,10
A329660,KODEX TRF5050,10
A329670,KODEX TRF7030,10
A329750,TIGER 미국달러단기채권액티브,10
A330590,롯데리츠,3
A331910,KOSEF Fn중소형,10
A332500,KINDEX 200TR,10
A332610,ARIRANG 미국단기우량회사채,10
A332620,ARIRANG 미국장기우량회사채,10
A332930,HANARO 200TR,10
A332940,HANARO MSCI Korea TR,10
A333940,ARIRANG KS로우볼가중TR,10
A333950,ARIRANG KS로우사이즈가중TR,10
A333960,ARIRANG KS모멘텀가중TR,10
A333970,ARIRANG KS밸류가중TR,10
A333980,ARIRANG KS퀄리티가중TR,10
A334690,KBSTAR 팔라듐선물(H),10
A334700,KBSTAR 팔라듐선물인버스(H),10
A334890,이지스밸류리츠,3
A336160,KBSTAR 금융채액티브,10
A336260,두산퓨얼셀,1
A33626K,두산퓨얼셀1우,1
A33626L,두산퓨얼셀2우B,1
A336370,솔루스첨단소재,1
A33637K,솔루스첨단소재1우,1
A33637L,솔루스첨단소재2우B,1
A337120,KODEX Fn멀티팩터,10
A337140,KODEX 코스피대형주,10
A337150,KODEX 200exTOP,10
A337160,KODEX 200ESG,10
A338100,NH프라임리츠,3
A339770,교촌에프앤비,1
A341850,TIGER KIS부동산인프라채권TR,10
A342140,KINDEX 모닝스타싱가포르리츠채권혼합,10
A342500,KBSTAR KRX국채선물3년10년스티프너,10
A342600,KBSTAR KRX국채선물3년10년스티프너2X,10
A342610,KBSTAR KRX국채선물3년10년플래트너,10
A342620,KBSTAR KRX국채선물3년10년플래트너2X,10
A344820,KCC글라스,1
A346000,HANARO KAP초장기국고채,10
A348950,제이알글로벌리츠,3
A350520,이지스레지던스리츠,3
A352540,KODEX TSE일본리츠(H),10
A352560,KODEX 다우존스미국리츠(H),10
A352820,하이브,1
A353200,대덕전자,1
A35320K,대덕전자1우,1
A354240,KBSTAR 미국고정배당우선증권ICE TR,10
A354350,HANARO 글로벌럭셔리S&P(합성),10
A354500,KINDEX 코스닥150,10
A356540,KINDEX KIS종합채권(AA-이상)액티브,10
A357120,코람코에너지리츠,3
A357250,미래에셋맵스리츠,3
A357870,TIGER CD금리투자KIS(합성),10
A359210,KODEX 코스피TR,10
A360140,KODEX 200롱코스닥150숏선물,10
A360150,KODEX 코스닥150롱코스피200숏선물,10
A360200,KINDEX 미국S&P500,10
A360750,TIGER 미국S&P500,10
A361580,KBSTAR 200TR,10
A361590,KBSTAR 코스피ex200,10
A361610,SK아이이테크놀로지,1
A363280,티와이홀딩스,1
A36328K,티와이홀딩스우,1
A363510,SOL KIS단기통안채,10
A363570,KODEX 장기종합채권(AA-이상)액티브KAP,10
A363580,KODEX 200IT TR,10
A364690,KODEX 혁신기술테마액티브,10
A364960,TIGER KRX BBIG K-뉴딜,10
A364970,TIGER KRX바이오K-뉴딜,10
A364980,TIGER KRX2차전지K-뉴딜,10
A364990,TIGER KRX게임K-뉴딜,10
A365000,TIGER KRX인터넷K-뉴딜,10
A365040,TIGER AI코리아그로스액티브,10
A365550,ESR켄달스퀘어리츠,3
A365780,KINDEX 국고채10년,10
A367380,KINDEX 미국나스닥100,10
A367740,HANARO Fn5G산업,10
A367760,KBSTAR Fn5G테크,10
A367770,KBSTAR Fn수소경제테마,10
A368190,HANARO Fn K-뉴딜디지털플러스,10
A368200,KBSTAR Fn K-뉴딜디지털플러스,10
A368470,KINDEX Fn K-뉴딜디지털플러스,10
A368590,KBSTAR 미국나스닥100,10
A368680,KODEX Fn K-뉴딜디지털플러스,10
A371130,KINDEX 블룸버그베트남VN30선물레버리지(H),10
A371150,KBSTAR 차이나항셍테크,10
A371160,TIGER 차이나항셍테크,10
A371450,TIGER 글로벌클라우드컴퓨팅INDXX,10
A371460,TIGER 차이나전기차SOLACTIVE,10
A371470,TIGER 차이나바이오테크SOLACTIVE,10
A371870,KINDEX 차이나항셍테크,10
A372330,KODEX 차이나항셍테크,10
A372910,한컴라이프케어,1
A373490,KODEX K-이노베이션액티브,10
A373530,ARIRANG 신흥국MSCI인버스(합성 H),10
A373790,KOSEF 미국방어배당성장나스닥,10
A375270,KBSTAR 글로벌데이터센터리츠나스닥(합성),10
A375500,DL이앤씨,1
A37550K,DL이앤씨우,1
A375760,HANARO 탄소효율그린뉴딜,10
A375770,KODEX 탄소효율그린뉴딜,10
A376250,ARIRANG 탄소효율그린뉴딜,10
A376410,TIGER 탄소효율그린뉴딜,10
A377190,디앤디플랫폼리츠,3
A377990,TIGER Fn신재생에너지,10
A378850,화승알앤에이,1
A379780,KBSTAR 미국S&P500,10
A379790,KBSTAR 유로스탁스50(H),10
A379800,KODEX 미국S&P500TR,10
A379810,KODEX 미국나스닥100TR,10
A380340,KINDEX Fn5G플러스,10
A380440,엔에이치스팩19호,1
A381170,TIGER 미국테크TOP10 INDXX,10
A381180,TIGER 미국필라델피아반도체나스닥,10
A381560,HANARO Fn전기&수소차,10
A381570,HANARO Fn친환경에너지,10
A383220,F&F,1
A383800,LX홀딩스,1
A38380K,LX홀딩스1우,1
A385510,KODEX K-신재생에너지액티브,10
A385520,KODEX K-미래차액티브,10
A385540,KBSTAR KIS종합채권(A-이상)액티브,10
A385550,KBSTAR KIS단기종합채권(AA-이상)액티브,10
A385560,KBSTAR KIS국고채30년Enhanced,10
A385590,네비게이터 ESG액티브,10
A385600,네비게이터 친환경자동차밸류체인액티브,10
A385710,TIMEFOLIO BBIG액티브,10
A385720,TIMEFOLIO Kstock액티브,10
A387270,TIGER 글로벌BBIG액티브,10
A387280,TIGER 퓨처모빌리티액티브,10
A388280,KBSTAR Fn컨택트대표,10
A388420,KBSTAR 비메모리반도체액티브,10
A390390,KODEX 미국반도체MV,10
A390400,KODEX 미국스마트모빌리티S&P,10
A390950,HANARO 단기채권액티브,10
A391590,KINDEX 미국스팩&IPO INDXX,10
A391600,KINDEX 미국친환경그린테마INDXX,10
A391670,HK 베스트일레븐액티브,10
A391680,HK 하이볼액티브,10
A394340,KOSEF 릭소글로벌디지털경제MSCI,10
A394350,KOSEF 릭소글로벌퓨처모빌리티MSCI,10
A394660,TIGER 글로벌자율주행&전기차SOLACTIVE,10
A394670,TIGER 글로벌리튬&2차전지SOLACTIVE(합성),10
A395150,KODEX Fn웹툰&드라마,10
A395160,KODEX Fn시스템반도체,10
A395170,KODEX Fn Top10동일가중,10
A395270,HANARO Fn K-반도체,10
A395280,HANARO Fn K-게임,10
A395290,HANARO Fn K-POP&미디어,10
A395400,SK리츠,3
A395750,ARIRANG ESG가치주액티브,10
A395760,ARIRANG ESG성장주액티브,10
A396500,TIGER Fn반도체TOP10,10
A396510,TIGER 차이나클린에너지SOLACTIVE,10
A396520,TIGER 차이나반도체FACTSET,10
A397410,KBSTAR 국채선물5년추종인버스,10
A397420,KBSTAR 국채선물5년추종,10
A399110,SOL 미국S&P500ESG,10
A900140,엘브이엠씨홀딩스,13
A950210,프레스티지바이오파마,6
Q500001,신한 K200 USD 선물 바이셀 ETN,17
Q500002,신한 USD K200 선물 바이셀 ETN,17
Q500003,신한 인버스 WTI원유 선물 ETN(H),17
Q500004,신한 브렌트원유 선물 ETN(H),17
Q500005,신한 인버스 브렌트원유 선물 ETN(H),17
Q500006,신한 인버스 금 선물 ETN(H),17
Q500007,신한 인버스 은 선물 ETN(H),17
Q500008,신한 인버스 구리 선물 ETN(H),17
Q500009,신한 다우존스지수 선물 ETN(H),17
Q500010,신한 인버스 다우존스지수 선물 ETN(H),17
Q500011,신한 달러인덱스 선물 ETN(H),17
Q500012,신한 인버스 달러인덱스 선물 ETN(H),17
Q500013,신한 옥수수 선물 ETN(H),17
Q500014,신한 인버스 옥수수 선물 ETN(H),17
Q500015,신한 WTI원유 선물 ETN(H),17
Q500016,신한 금 선물 ETN(H),17
Q500017,신한 은 선물 ETN(H),17
Q500018,신한 구리 선물 ETN(H),17
Q500019,신한 레버리지 WTI원유 선물 ETN(H),17
Q500020,신한 레버리지 다우존스지수 선물 ETN(H),17
Q500021,신한 천연가스 선물 ETN(H),17
Q500022,신한 인버스 천연가스 선물 ETN(H),17
Q500023,신한 콩 선물 ETN(H),17
Q500024,신한 인버스 콩 선물 ETN(H),17
Q500027,신한 인버스 2X WTI원유 선물 ETN(H),17
Q500028,신한 인버스 2X 다우존스지수 선물 ETN(H),17
Q500029,신한 레버리지 은 선물 ETN(H),17
Q500030,신한 인버스 2X 은 선물 ETN(H),17
Q500032,신한 인버스 2X 천연가스 선물 ETN(H),17
Q500035,신한 레버리지 미국달러 선물 ETN,17
Q500036,신한 인버스 2X 미국달러 선물 ETN,17
Q500037,신한 레버리지 금 선물 ETN,17
Q500038,신한 인버스 2X 금 선물 ETN,17
Q500039,신한 코스피 콘도르 4/10% ETN,17
Q500040,신한 레버리지 구리 선물 ETN,17
Q500041,신한 인버스 2X 구리 선물 ETN,17
Q500042,신한 코스피 콘도르 6/10% ETN,17
Q500043,신한 코스피 콘도르 4/10% 콜 2204-01 ETN,17
Q500044,신한 코스피 콘도르 6/10% 콜 2204-01 ETN,17
Q500046,신한 코스피 월별 양매도 3% OTM ETN,17
Q500047,신한 코스피 월별 양매도 5% OTM ETN,17
Q500048,신한 코스피 월별 양매도 3% 콜 2206-1 ETN,17
Q500049,신한 코스피 월별 양매도 5% 콜 2206-1 ETN,17
Q500050,신한 레버리지 S&P500 선물 ETN,17
Q500051,신한 인버스 2X S&P500 선물 ETN,17
Q500052,신한 FnGuide 5G 테마주 ETN,17
Q500053,신한 레버리지 천연가스 선물 ETN,17
Q500054,신한 인버스 2X 천연가스 선물 ETN,17
Q500055,신한 인버스 Russell 2000 ETN,17
Q500056,신한 레버리지 Russell 2000 ETN,17
Q500057,신한 인버스 2X Russell 2000 ETN,17
Q500058,신한 S&P500 VIX S/T 선물 ETN C,17
Q500059,신한 FnGuide 메타버스 ETN,17
Q510001,대신 WTI원유 선물 ETN(H),17
Q510002,대신 아연선물 ETN(H),17
Q510003,대신 니켈선물 ETN(H),17
Q510004,대신 인버스 아연선물 ETN(H),17
Q510005,대신 2X 아연선물 ETN(H),17
Q510006,대신 인버스 니켈선물 ETN(H),17
Q510007,대신 2X 니켈선물 ETN(H),17
Q510008,대신 철광석 선물 ETN(H),17
Q510009,대신 인버스 철광석 선물 ETN(H),17
Q510010,대신 인버스 2X 니켈선물 ETN(H),17
Q510011,대신 골드 커버드콜 타겟 5%인컴 ETN(H),17
Q510014,대신 알루미늄 선물 ETN(H),17
Q510015,대신 밀 선물 ETN(H),17
Q510016,대신 천연가스 선물 ETN(H),17
Q510017,대신 2X 철광석 선물 ETN(H),17
Q520003,미래에셋 원자재 선물 ETN(H),17
Q520004,미래에셋 전기전자 Core5 ETN,17
Q520005,미래에셋 인버스 전기전자 Core5 ETN,17
Q520006,미래에셋 에너지화학 Core5 ETN,17
Q520007,미래에셋 인버스 에너지화학 Core5 ETN,17
Q520009,미래에셋 레버리지 원유선물혼합 ETN(H),17
Q520010,미래에셋 원유선물혼합 ETN(H),17
Q520011,미래에셋 인버스 원유선물혼합 ETN(H),17
Q520013,미래에셋 Q150 Core5 ETN,17
Q520014,미래에셋 미디어엔터 Core5 ETN,17
Q520015,미래에셋 인버스 미디어엔터 Core5 ETN,17
Q520026,미래에셋 코스피 양매도 5% OTM ETN,17
Q520030,미래에셋 KRX금현물 Auto-KO-C 2312-01 ETN,17
Q520031,미래에셋 K200 Auto-KO-C 2206-01 ETN,17
Q520032,미래에셋 K200 Auto-KO-P 2206-01 ETN,17
Q520033,미래에셋 레버리지 은 선물 ETN,17
Q520034,미래에셋 인버스 2X 은 선물 ETN,17
Q530002,삼성 인버스 China A50 선물 ETN(H),17
Q530014,삼성 China A50 선물 ETN(H),17
Q530015,삼성 미국 대형 성장주 ETN(H),17
Q530016,삼성 미국 대형 가치주 ETN(H),17
Q530019,삼성 미국 대형 성장주 ETN,17
Q530020,삼성 미국 대형 가치주 ETN,17
Q530023,삼성 레버리지 China A50 선물 ETN(H),17
Q530031,삼성 레버리지 WTI원유 선물 ETN,17
Q530036,삼성 인버스 2X WTI원유 선물 ETN,17
Q530053,삼성 코스피 풋매도 ETN,17
Q530055,삼성 레버리지 금 선물 ETN(H),17
Q530056,삼성 인버스 2X 금 선물 ETN(H),17
Q530060,삼성 코스피 양매도 5% OTM ETN,17
Q530061,삼성 레버리지 은 선물 ETN(H),17
Q530062,삼성 인버스 2X 은 선물 ETN(H),17
Q530063,삼성 레버리지 구리 선물 ETN(H),17
Q530064,삼성 인버스 2X 구리 선물 ETN(H),17
Q530066,삼성 코스피 풋매도 4% OTM ETN,17
Q530067,삼성 KRX 금현물 ETN,17
Q530068,삼성 레버리지 천연가스 선물 ETN B,17
Q530069,삼성 인버스 2X 천연가스 선물 ETN B,17
Q530070,삼성 레버리지 나스닥 100 ETN(H),17
Q530071,삼성 인버스 2X 나스닥 100 ETN(H),17
Q530072,삼성 S&P500 VIX S/T 선물 ETN(H) C,17
Q530073,삼성 HSCEI ETN(H),17
Q530074,삼성 인버스 HSCEI ETN(H),17
Q530075,삼성 레버리지 HSCEI ETN(H),17
Q530076,삼성 인버스 2X HSCEI ETN(H),17
Q530077,삼성 나스닥 100 ETN(H),17
Q530078,삼성 인버스 나스닥 100 ETN(H),17
Q530079,삼성 항셍테크 ETN(H),17
Q530080,삼성 인버스 항셍테크 ETN(H),17
Q530081,삼성 레버리지 항셍테크 ETN(H),17
Q530082,삼성 인버스 2X 항셍테크 ETN(H),17
Q530083,삼성 금 선물 ETN(H),17
Q530084,삼성 인버스 금 선물 ETN(H),17
Q530085,삼성 KRX BBIG K-뉴딜 ETN,17
Q530086,삼성 레버리지 KRX BBIG K-뉴딜 ETN,17
Q530087,삼성 KRX 2차전지 K-뉴딜 ETN,17
Q530088,삼성 레버리지 KRX 2차전지 K-뉴딜 ETN,17
Q530089,삼성 은 선물 ETN(H),17
Q530090,삼성 인버스 은 선물 ETN(H),17
Q550041,QV 미국 IT TOP5 ETN(H),17
Q550042,QV 레버리지 WTI원유 선물 ETN(H),17
Q550043,QV 인버스 레버리지 WTI원유 선물 ETN(H),17
Q550044,QV 레버리지 S&P500 ETN,17
Q550045,QV 인버스 레버리지 S&P500 ETN,17
Q550057,QV 코스피 변동성 매칭형 양매도 ETN,17
Q550059,QV iSelect 글로벌 EMP ETN(H),17
Q550060,QV S&P500 VIX S/T 선물 ETN C,17
Q550061,QV 인버스 미국 IT TOP5 ETN(H),17
Q550062,QV 레버리지 금 선물 ETN(H),17
Q550063,QV 인버스 레버리지 금 선물 ETN(H),17
Q550064,QV 레버리지 은 선물 ETN(H),17
Q550065,QV 인버스 레버리지 은 선물 ETN(H),17
Q570019,TRUE 코스피 양매도 5% OTM ETN,17
Q570020,TRUE 코스피 커버드콜 ETN B,17
Q570021,TRUE 코스피 커버드풋 ETN B,17
Q570022,TRUE 레버리지 S&P500 선물 ETN(H),17
Q570023,TRUE 인버스 2X S&P500 선물 ETN(H),17
Q570025,TRUE 인버스 유로스탁스50 ETN(H) B,17
Q570027,TRUE 인버스 2X 유로스탁스50 ETN(H),17
Q570028,TRUE 인버스 HSCEI ETN(H) B,17
Q570029,TRUE 코스피 양매도 3% OTM ETN,17
Q570030,TRUE 코스피 양매도 ATM ETN,17
Q570031,TRUE 레버리지 HSCEI ETN(H),17
Q570032,TRUE 인버스 2X HSCEI ETN(H),17
Q570034,TRUE 엔선물 ETN B,17
Q570035,TRUE 레버리지 엔선물 ETN B,17
Q570036,TRUE 인버스 엔선물 ETN B,17
Q570037,TRUE 유로선물 ETN B,17
Q570038,TRUE 인버스 유로선물 ETN B,17
Q570042,TRUE 인버스 나스닥 100 ETN,17
Q570043,TRUE 레버리지 나스닥 100 ETN,17
Q570044,TRUE 인버스 2X 나스닥 100 ETN,17
Q570045,TRUE 레버리지 천연가스 선물 ETN(H),17
Q570046,TRUE 인버스 2X 천연가스 선물 ETN(H),17
Q570047,TRUE FTSE100 ETN,17
Q570048,TRUE 유로스탁스50 양매도 5% OTM ETN(H),17
Q570049,TRUE S&P500 양매도 4% OTM ETN(H),17
Q570050,TRUE S&P500 선물 ETN,17
Q570051,TRUE 나스닥 100 ETN,17
Q570052,TRUE 플래티넘 선물 ETN,17
Q570053,TRUE 인버스 플래티넘 선물 ETN,17
Q570054,TRUE 레버리지 유로스탁스50 ETN(H) B,17
Q570055,TRUE 금 선물 ETN,17
Q570056,TRUE 인버스 금 선물 ETN,17
Q570057,TRUE 은 선물 ETN,17
Q570058,TRUE 인버스 은 선물 ETN,17
Q570059,TRUE 레버리지 금 선물 ETN,17
Q570060,TRUE 인버스 2X 금 선물 ETN,17
Q570061,TRUE 레버리지 은 선물 ETN,17
Q570062,TRUE 인버스 2X 은 선물 ETN,17
Q580010,KB Wise 분할매매 ETN,17
Q580011,KB FnGuide 언택트 ETN,17
Q580012,KB KRX300 ETN,17
Q580013,KB KRX ESG Eco ETN,17
Q580014,KB 인버스 2X 나스닥 100 ETN,17
Q580015,KB 레버리지 나스닥 100 ETN,17
Q580016,KB 레버리지 S&P 500 선물 ETN(H),17
Q580017,KB 인버스 2X S&P 500 선물 ETN,17
Q580018,KB 레버리지 항셍테크 선물 ETN(H),17
Q580019,KB 인버스 2X 항셍테크 선물 ETN,17
Q580020,KB 천연가스 선물 ETN(H),17
Q580021,KB 인버스 천연가스 선물 ETN,17
Q580022,KB 레버리지 금 선물 ETN(H),17
Q580023,KB 인버스 2X 금 선물 ETN(H),17
Q580024,KB 레버리지 KRX BBIG K-뉴딜 ETN,17
Q580025,KB 레버리지 KRX 2차전지 K-뉴딜 ETN,17
Q580026,KB 레버리지 은 선물 ETN(H),17
Q580027,KB 인버스 2X 은 선물 ETN(H),17
Q590018,미래에셋 중국 심천 100 ETN,17
Q610001,메리츠 인플레이션 국채 ETN,17
Q610002,메리츠 레버리지 인플레이션 국채 ETN,17
Q610003,메리츠 미국 인플레이션 국채 ETN(H),17
Q610004,메리츠 미국레버리지 인플레이션국채ETN(H),17
Q610005,메리츠 레버리지 KRX300 선물 ETN,17
Q610006,메리츠 인버스 2X KRX300 선물 ETN,17
Q610007,메리츠 국채30년 ETN,17
Q610008,메리츠 레버리지 국채30년 ETN,17
Q610009,메리츠 인버스 국채30년 ETN,17
Q610010,메리츠 인버스 2X 국채30년 ETN,17
Q610011,메리츠 금 선물 ETN(H),17
Q610012,메리츠 레버리지 금 선물 ETN(H),17
Q610013,메리츠 인버스 2X 금 선물 ETN(H),17
Q610014,메리츠 은 선물 ETN(H),17
Q610015,메리츠 인버스 은 선물 ETN(H),17
Q610016,메리츠 레버리지 은 선물 ETN(H),17
Q610017,메리츠 인버스 2X 은 선물 ETN(H),17
Q700001,하나 코스피 변동성추세 추종 양매도 ETN,17
Q700002,하나 KRX300 ETN,17
Q700003,하나 KRX BBIG K-뉴딜 ETN,17
Q700004,하나 레버리지 KRX BBIG K-뉴딜 ETN,17
